SIZE,TIME,ITEM,FILE
0,16:41:02,204,1196/1196.pdf
0,16:41:02,205,1197/1197.pdf
0,16:41:03,207,1198/1198.pdf
0,16:41:03,208,1199/1199.pdf
0,16:41:03,209,1200/1200.pdf
0,16:41:04,210,1201/1201.pdf
0,16:41:04,211,1202/1202.pdf
0,16:41:04,212,1203/1203.pdf
0,16:41:05,213,1204/1204.pdf
0,16:41:05,214,1205/1205.pdf
0,16:41:06,215,1206/1206.pdf
0,16:41:06,216,1207/1207.pdf
0,16:41:07,217,1208/1208.pdf
0,16:41:07,218,1209/1209.pdf
0,16:41:08,219,1210/1210.pdf
0,16:41:08,220,1211/1211.pdf
0,16:41:09,221,1212/1212.pdf
0,16:41:09,222,1213/1213.pdf
0,16:41:09,223,1214/1214.pdf
0,16:41:10,224,1215/1215.pdf
0,16:41:10,225,1216/1216.pdf
0,16:41:11,226,1217/1217.pdf
0,16:41:11,227,1218/1218.pdf
0,16:41:12,228,1219/1219.pdf
0,16:41:12,229,1220/1220.pdf
0,16:41:12,230,1221/1221.pdf
0,16:41:13,244,1236/1236.pdf
0,16:41:13,246,1238/1238.pdf
0,16:41:13,247,1239/1239.pdf
0,16:41:14,248,1240/1240.pdf
0,16:41:14,249,1241/1241.pdf
0,16:41:15,250,1242/1242a.pdf,1242/1242b.pdf
0,16:41:15,337,1328/1328.pdf
0,16:41:16,338,1329/1329.pdf
0,16:41:16,339,1330/1330.pdf
0,16:41:16,361,1351/1351.pdf
0,16:41:17,362,1352/1352.pdf
0,16:41:17,363,1353/1353[2].pdf
0,16:41:17,364,1354/1354.pdf
0,16:41:18,365,1355/1355.pdf
0,16:41:18,375,1365/1365.pdf
0,16:41:19,420,1410/1410.pdf
0,16:41:19,428,1418/1418.1.pdf
0,16:41:20,445,1435/1435.pdf
0,16:41:20,447,1437/1437.pdf
0,16:41:21,448,1438/1438.pdf
0,16:41:21,449,1439/1439.pdf
0,16:41:21,450,1440/1440.pdf
0,16:41:22,455,1445/1445.pdf
0,16:41:22,456,1446/1446.pdf
0,16:41:22,490,1480/1480.pdf
0,16:41:22,491,1481/1481.pdf
0,16:41:23,521,1511/1511.pdf
0,16:41:23,522,1512/1512.pdf
0,16:41:24,523,1513/1513.pdf
0,16:41:24,553,1543/1543.pdf
0,16:41:25,562,1552/1552.pdf
0,16:41:25,563,1553/1553.pdf
0,16:41:25,564,1554/1554.pdf
0,16:41:26,565,1555/1555.pdf
0,16:41:26,566,1556/1556.pdf
0,16:41:26,567,1557/1557.pdf
0,16:41:27,568,1558/1558.pdf
0,16:41:27,569,1559/1559.pdf
0,16:41:27,575,1565/1565.pdf
0,16:41:28,584,1574/1574.pdf
0,16:41:28,585,1575/1575.pdf
0,16:41:29,586,1576/1576.pdf
0,16:41:29,587,1577/1577.pdf
0,16:41:30,588,1578/1578.pdf,1578/1578a.pdf
0,16:41:30,589,1579/1579.pdf
0,16:41:31,590,1580/1580.pdf
0,16:41:31,591,1581/1581.pdf
0,16:41:31,592,1582/1582.pdf
0,16:41:31,593,1583/1583.pdf
1631,16:41:32,612,1601/Notes_From_Crispin_Spencer.pdf
0,16:41:32,642,1630/1630.pdf
0,16:41:33,644,1631/1631.pdf,1631/1631a.pdf
0,16:41:33,645,1632/1632.pdf
4102,16:41:34,646,1633/1633.pdf
